estimand_id,gate_order,role,outcome,contrast,direction,analysis_sets,required_adjustment,formal_parameter_status,decision_use
G1-PF,1,primary_functional_gate,participant four-module equal-weight protocol fidelity,scene_native minus abstract_pacer,95% CI lower bound greater than -0.075,FULL_ANALYSIS_SET|COMPLETE_FOUR_MODULE_SET,cue_mode+centered_na_pre+randomization_strata,FROZEN_BY_CONTROL_BASELINE,Gate2 confirmatory interpretation requires both sets to pass
G2-APP,1,applicability,Level A/B tool evidence,eligible versus not eligible,must pass,NA,NA,PENDING_LEVEL_A_B,stop when not applicable
G2-SCCI,2,manipulation_check,SCCI ordinal items,scene_native minus abstract_pacer,positive,PRIMARY_CONSERVATIVE|OBSERVED_CASE,cue_mode+centered_na_pre+randomization_strata,PENDING_BLIND_FREEZE,confirm perceived representation difference only
G2-COMP-TOTAL,3,functional_floor,comprehension total score,scene_native minus abstract_pacer,noninferior,PRIMARY_CONSERVATIVE|OBSERVED_CASE,cue_mode+centered_na_pre+randomization_strata,PENDING_LEVEL_B_AND_BLIND_CALIBRATION,prevent total comprehension loss
G2-COMP-LAYER,4,functional_floor,predeclared critical layer scores,scene_native minus abstract_pacer,noninferior,PRIMARY_CONSERVATIVE|OBSERVED_CASE,cue_mode+centered_na_pre+randomization_strata,PENDING_CRITICAL_LAYER_FREEZE,prevent total score masking layer loss
G2-EFFORT,5,functional_floor,mental effort 1-9,scene_native minus abstract_pacer,upper bounded,PRIMARY_CONSERVATIVE|OBSERVED_CASE,cue_mode+centered_na_pre+randomization_strata,PENDING_LEVEL_B_AND_BLIND_CALIBRATION,prevent increased effort
G2-ERROR,6,objective_safeguard,stage error proportion,scene_native minus abstract_pacer,upper bounded,PRIMARY_CONSERVATIVE|OBSERVED_CASE,cue_mode+centered_na_pre+randomization_strata,PENDING_BLIND_FREEZE,prevent subjective scores masking stage error
G2-ITEM,NA,diagnostic,SCCI item condition interaction,per item,exploratory,OBSERVED_CASE,Benjamini-Hochberg FDR,PENDING_LEVEL_B,item retention or condition-specific reporting
G3-NA,3,conditional_extension,post-experience PANAS negative dimension,frozen policy minus balanced random,95% CI upper bound less than 0,STAGE3_FULL_ANALYSIS_SET,na_post+na_pre+randomization_strata,PENDING_CONDITIONAL_ROUTE_AND_LEVEL_C,claim incremental sequence value only when prior gates and execution safeguard pass
